epoch,acc,loss
0,0.8253667,0.49931862617731093
1,0.86398333,0.37574793933232625
2,0.8768333,0.3363429096202056
3,0.8862333,0.3127875440378984
4,0.89175,0.294484661257267
